{"average_lock_time": 407.1027027027027, "buyback_payout_data": {"totalPaidInBnb": 3431.3700589851155, "totalPaidInUsdTime": 1451859.107997809, "totalSpaceBuybackInBnb": 5026.022803306839, "totalSpaceBuybackInUsdTime": 1670852.0133413004}}